{
  "visual_cortex": {
    "mu": 0.04164980910718441,
    "sigma": 0.12778130173683167
  },
  "fusiform_face": {
    "mu": 0.05032934495829977,
    "sigma": 0.1083957813680172
  },
  "amygdala": {
    "mu": 0.05279668373987079,
    "sigma": 0.060177115723490715
  },
  "prefrontal": {
    "mu": 0.02713851537555456,
    "sigma": 0.08162805438041687
  },
  "temporal_language": {
    "mu": -0.05657555325888097,
    "sigma": 0.1247938834130764
  },
  "hippocampus": {
    "mu": -0.02796458639204502,
    "sigma": 0.06936954334378242
  },
  "motor": {
    "mu": 0.05608766758814454,
    "sigma": 0.07736742869019508
  },
  "reward": {
    "mu": 0.030337578617036343,
    "sigma": 0.08050325885415077
  }
}
