{
  "visual_cortex": {
    "mu": 0.0787698152125813,
    "sigma": 0.10929764807224274
  },
  "fusiform_face": {
    "mu": 0.0787698152125813,
    "sigma": 0.11613629013299942
  },
  "amygdala": {
    "mu": 0.0787698152125813,
    "sigma": 0.05800327658653259
  },
  "prefrontal": {
    "mu": 0.0787698152125813,
    "sigma": 0.0795917958021164
  },
  "temporal_language": {
    "mu": 0.0787698152125813,
    "sigma": 0.11373189836740494
  },
  "hippocampus": {
    "mu": 0.0787698152125813,
    "sigma": 0.06973341107368469
  },
  "motor": {
    "mu": 0.0787698152125813,
    "sigma": 0.08072616904973984
  },
  "reward": {
    "mu": 0.0787698152125813,
    "sigma": 0.07939163595438004
  }
}
